street	direction	entry_type	start_point	end_point	length_miles	offset_miles	speed_mph	source_text	notes
Adams Street	northbound	stanza	Washington Street	California Street	0.82	0.0	25	Adams Street, northbound, beginning at the junction of Washington Street, thence northerly on Adams Street: 0.82 miles at 25 miles per hour ending at the junction of California Street; the total distance being 0.82 miles.	
Adams Street	southbound	stanza	California Street	Washington Street	0.82	0.0	25	Adams Street, southbound, beginning at the junction of California Street, thence southerly on Adams Street: 0.82 miles at 25 miles per hour ending at the junction of Washington Street; the total distance being 0.82 miles.	
Auburn Street	westbound	stanza	Washington Street		0.84	0.0	25	Auburn Street, westbound, beginning at Washington Street, thence westerly on Auburn Street: 0.84 miles at 25 miles per hour 0.52 miles at 30 miles per hour ending at Commonwealth Avenue; the total distance being 1.36 miles.	segment 1 of 2
Auburn Street	westbound	stanza		Commonwealth Avenue	0.52	0.84	30	Auburn Street, westbound, beginning at Washington Street, thence westerly on Auburn Street: 0.84 miles at 25 miles per hour 0.52 miles at 30 miles per hour ending at Commonwealth Avenue; the total distance being 1.36 miles.	segment 2 of 2
Auburn Street	eastbound	stanza	Commonwealth Avenue		0.52	0.0	30	Auburn Street, eastbound, beginning at Commonwealth Avenue, thence easterly on Auburn Street: 0.52 miles at 30 miles per hour 0.84 miles at 25 miles per hour ending at Washington Street; the total distance being 1.36 miles. 0.52 miles at 30 miles per hour 0.84 miles at 25 miles per hour ending at Washington Street; the total distance being 1.36 miles.	segment 1 of 2
Auburn Street	eastbound	stanza		Washington Street	0.84	0.52	25	Auburn Street, eastbound, beginning at Commonwealth Avenue, thence easterly on Auburn Street: 0.52 miles at 30 miles per hour 0.84 miles at 25 miles per hour ending at Washington Street; the total distance being 1.36 miles. 0.52 miles at 30 miles per hour 0.84 miles at 25 miles per hour ending at Washington Street; the total distance being 1.36 miles.	segment 2 of 2
Auburndale Avenue	eastbound	stanza	Lexington Street	River Street	0.91	0.0	25	Auburndale Avenue, eastbound, beginning at Lexington Street, thence easterly on Auburndale Avenue: 0.91 miles at 25 miles per hour ending at River Street; the total distance being 0.91 miles.	
Auburndale Avenue	westbound	stanza	River Street	Lexington Street	0.91	0.0	25	Auburndale Avenue, westbound, beginning at River Street, thence westerly on Auburndale Avenue: 0.91 miles at 25 miles per hour ending at Lexington Street; the total distance being 0.91 miles.	
Berkeley Street	eastbound	stanza	100 feet east of Temple Street		0.23	0.0	25	Berkeley Street, eastbound, beginning 100 feet east of Temple Street, thence easterly on Berkeley Street: 0.23 miles at 25 miles per hour 0.16 miles at 30 miles per hour ending at Chestnut Street; the total distance being 0.39 miles.	segment 1 of 2
Berkeley Street	eastbound	stanza		Chestnut Street	0.16	0.23	30	Berkeley Street, eastbound, beginning 100 feet east of Temple Street, thence easterly on Berkeley Street: 0.23 miles at 25 miles per hour 0.16 miles at 30 miles per hour ending at Chestnut Street; the total distance being 0.39 miles.	segment 2 of 2
Berkeley Street	westbound	stanza	Chestnut Street		0.16	0.0	30	Berkeley Street, westbound, beginning at Chestnut Street, thence westerly on Berkeley Street: 0.16 miles at 30 miles per hour 0.23 miles at 25 miles per hour ending at Chestnut Street; the total distance being 0.39 miles.	segment 1 of 2
Berkeley Street	westbound	stanza		Chestnut Street	0.23	0.16	25	Berkeley Street, westbound, beginning at Chestnut Street, thence westerly on Berkeley Street: 0.16 miles at 30 miles per hour 0.23 miles at 25 miles per hour ending at Chestnut Street; the total distance being 0.39 miles.	segment 2 of 2
Brandeis Road and Lion Drive	eastbound	stanza	Parker Terrace		0.33	0.0	30	Brandeis Road and Lion Drive, eastbound, beginning at Parker Terrace, thence easterly on Brandeis Road and 0.33 miles at 30 miles per hour 0.52 miles at 25 miles per hour ending at Greenwood Street, the total distance being zero and eighty-five hundredths (0.85) mile.	segment 1 of 2
Brandeis Road and Lion Drive	eastbound	stanza		Greenwood Street	0.52	0.33	25	Brandeis Road and Lion Drive, eastbound, beginning at Parker Terrace, thence easterly on Brandeis Road and 0.33 miles at 30 miles per hour 0.52 miles at 25 miles per hour ending at Greenwood Street, the total distance being zero and eighty-five hundredths (0.85) mile.	segment 2 of 2
Brookline Street	eastbound	stanza	Dedham Street	the Newton-Brookline line	1.12	0.0	30	Brookline Street, eastbound, beginning at Dedham Street, thence easterly on Brookline Street: 1.12 miles at 30 miles per hour ending at the Newton-Brookline line; the total distance being 1.12 miles.	
Brookline Street	westbound	stanza	the Newton-Brookline line	Dedham Street	1.12	0.0	30	Brookline Street, westbound, beginning at the Newton-Brookline line, thence westerly on Brookline Street: 1.12 miles at 30 miles per hour ending at Dedham Street; the total distance being 1.12 miles.	
Chamberlain Road	eastbound	stanza	Farlow Road	Huntington Road	0.06	0.0	15	Chamberlain Road, eastbound, beginning at Farlow Road, thence easterly on Chamberlain Road: 0.06 miles at 15 miles per hour ending at Huntington Road; the total distance being 0.06 miles.	
Chamberlain Road	westbound	stanza	Huntington Road	Farlow Road	0.06	0.0	15	Chamberlain Road, westbound, beginning at Huntington Road, thence easterly on Chamberlain Road: 0.06 miles at 15 miles per hour ending at Farlow Road; the total distance being 0.06 miles.	
Charlesbank Road	eastbound	stanza	Saint James Street	a point 100 feet west of Nonantum Street	0.29	0.0	30	Charlesbank Road, eastbound, beginning at Saint James Street, thence easterly on Charlesbank Road: 0.29 miles at 30 miles per hour ending at a point 100 feet west of Nonantum Street; the total distance being 0.29 miles.	
Charlesbank Road	westbound	stanza	a point 100 feet west of Nonantum Road		0.29	0.0	30	Charlesbank Road, westbound, beginning at a point 100 feet west of Nonantum Road, thence southerly on 0.29 miles at 30 miles per hour 0.27 miles at 20 miles per hour ending at St. James Street; the total distance being 0.56 miles.	segment 1 of 2
Charlesbank Road	westbound	stanza		St. James Street	0.27	0.29	20	Charlesbank Road, westbound, beginning at a point 100 feet west of Nonantum Road, thence southerly on 0.29 miles at 30 miles per hour 0.27 miles at 20 miles per hour ending at St. James Street; the total distance being 0.56 miles.	segment 2 of 2
Cherry Place	eastbound	stanza	Marion Street	Sheridan Street	0.18	0.0	25	Cherry Place, eastbound, beginning at Marion Street, thence westerly on Cherry Place: 0.18 miles at 25 miles per hour ending at Sheridan Street; the total distance being 0.18 miles.	
Cherry Place	westbound	stanza	Cherry Street	Sheridan Street	0.18	0.0	25	Cherry Place, westbound, beginning at Cherry Street, thence westerly on Cherry Place and Cleveland Street: 0.18 miles at 25 miles per hour ending at Sheridan Street; the total distance being 0.18 miles.	
Cherry Street	northbound	stanza	Watertown Street		0.28	0.0	25	Cherry Street, northbound, beginning at Watertown Street, thence northerly on Cherry Street: 0.28 miles at 25 miles per hour 0.75 miles at 30 miles per hour ending at the Newton-Waltham Line; the total distance being 1.03 miles.	segment 1 of 2
Cherry Street	northbound	stanza		the Newton-Waltham Line	0.75	0.28	30	Cherry Street, northbound, beginning at Watertown Street, thence northerly on Cherry Street: 0.28 miles at 25 miles per hour 0.75 miles at 30 miles per hour ending at the Newton-Waltham Line; the total distance being 1.03 miles.	segment 2 of 2
Cherry Street	southbound	stanza	the Newton-Waltham Line		0.75	0.0	30	Cherry Street, southbound, beginning at the Newton-Waltham Line, thence southerly on Cherry Street: 0.75 miles at 30 miles per hour 0.28 miles at 25 miles per hour ending Watertown Street; the total distance being 1.03 miles.	segment 1 of 2
Cherry Street	southbound	stanza		Watertown Street	0.28	0.75	25	Cherry Street, southbound, beginning at the Newton-Waltham Line, thence southerly on Cherry Street: 0.75 miles at 30 miles per hour 0.28 miles at 25 miles per hour ending Watertown Street; the total distance being 1.03 miles.	segment 2 of 2
Christina Street	northbound	stanza	Wallace Street		0.13	0.0	25	Christina Street, northbound, beginning at Wallace Street, thence northerly on Christina Street: 0.13 miles at 25 miles per hour; 0.32 miles at 20 miles per hour; ending at Needham Street; the total distance being 0.45 miles.	segment 1 of 2
Christina Street	northbound	stanza		Needham Street	0.32	0.13	20	Christina Street, northbound, beginning at Wallace Street, thence northerly on Christina Street: 0.13 miles at 25 miles per hour; 0.32 miles at 20 miles per hour; ending at Needham Street; the total distance being 0.45 miles.	segment 2 of 2
Christina Street	southbound	stanza	Needham Street		0.32	0.0	20	Christina Street, southbound, beginning at Needham Street, thence, southerly on Christina Street: 0.32 miles at 20 miles per hour; 0.13 miles at 25 miles per hour; ending at Wallace Street; the total distance being 0.45 miles.	segment 1 of 2
Christina Street	southbound	stanza		Wallace Street	0.13	0.32	25	Christina Street, southbound, beginning at Needham Street, thence, southerly on Christina Street: 0.32 miles at 20 miles per hour; 0.13 miles at 25 miles per hour; ending at Wallace Street; the total distance being 0.45 miles.	segment 2 of 2
Church Street	northbound	stanza	Waverley Avenue		0.14	0.0	20	Church Street, northbound, beginning at Waverley Avenue, thence northerly on Church Street: 0.14 miles at 20 miles per hour 0.45 miles at 25 miles per hour ending at Oakland Street; the total distance being 0.59 miles.	segment 1 of 2
Church Street	northbound	stanza		Oakland Street	0.45	0.14	25	Church Street, northbound, beginning at Waverley Avenue, thence northerly on Church Street: 0.14 miles at 20 miles per hour 0.45 miles at 25 miles per hour ending at Oakland Street; the total distance being 0.59 miles.	segment 2 of 2
Church Street	southbound	stanza	Oakland Street		0.45	0.0	25	Church Street, southbound, beginning at Oakland Street, thence southerly on Church Street: 0.45 miles at 25 miles per hour 0.14 miles at 20 miles per hour ending at Waverley Avenue; the total distance being 0.59 miles.	segment 1 of 2
Church Street	southbound	stanza		Waverley Avenue	0.14	0.45	20	Church Street, southbound, beginning at Oakland Street, thence southerly on Church Street: 0.45 miles at 25 miles per hour 0.14 miles at 20 miles per hour ending at Waverley Avenue; the total distance being 0.59 miles.	segment 2 of 2
Clark Street	northbound	stanza	Parker Street	Centre Street	0.46	0.0	25	Clark Street, northbound, beginning at Parker Street, thence northerly on Clark Street: 0.46 miles at 25 miles per hour ending at Centre Street; the total distance being 0.46 miles.	
Clark Street	southbound	stanza	Centre Street	Parker Street	0.46	0.0	25	Clark Street, southbound, beginning at Centre Street, thence southerly on Clark Street: 0.46 miles at 25 miles per hour ending at Parker Street; the total distance being 0.46 miles.	
Cleveland Street	eastbound	stanza	Sheridan Road	Marion Street	0.12	0.0	25	Cleveland Street, eastbound, beginning at Sheridan Road, thence easterly on Cleveland Street: 0.12 miles at 25 miles per hour ending at Marion Street; the total distance being 0.12 miles.	
Cleveland Street	westbound	stanza	Marion Street	Sheridan Road	0.12	0.0	25	Cleveland Street, westbound, beginning at Marion Street, thence westerly on Cleveland Street: 0.12 miles at 25 miles per hour ending at Sheridan Road; the total distance being 0.12 miles.	
Concord Street	northbound	stanza	Washington Street		0.16	0.0	25	Concord Street, northbound, beginning at Washington Street, thence northerly on Concord Street: 0.16 miles at 25 miles per hour 0.48 miles at 30 miles per hour ending at the Newton-Weston Line; the distance being 0.64 miles.	segment 1 of 2
Concord Street	northbound	stanza		the Newton-Weston Line	0.48	0.16	30	Concord Street, northbound, beginning at Washington Street, thence northerly on Concord Street: 0.16 miles at 25 miles per hour 0.48 miles at 30 miles per hour ending at the Newton-Weston Line; the distance being 0.64 miles.	segment 2 of 2
Concord Street	southbound	stanza			0.44	0.0	30	Concord Street, southbound, beginning at a point 200 feet south of the Newton-Weston Line, 0.44 miles at 30 miles per hour 0.16 miles at 25 miles per hour ending at Washington Street; the total distance being 0.60 miles.	segment 1 of 2
Concord Street	southbound	stanza		Washington Street	0.16	0.44	25	Concord Street, southbound, beginning at a point 200 feet south of the Newton-Weston Line, 0.44 miles at 30 miles per hour 0.16 miles at 25 miles per hour ending at Washington Street; the total distance being 0.60 miles.	segment 2 of 2
Cross Street	northbound	stanza	Washington Street	Watertown Street	0.14	0.0	25	Cross Street, northbound, beginning at Washington Street, thence northerly on Cross Street: 0.14 miles at 25 miles per hour ending at Watertown Street; the total distance being 0.14 miles.	
Cross Street	southbound	stanza	Watertown Street	Washington Street	0.14	0.0	25	Cross Street, southbound, beginning at Watertown Street, thence southerly on Cross Street: 0.14 miles at 25 miles per hour ending at Washington Street; the total distance being 0.14 miles.	
Cypress Street	northbound	stanza	900 feet north of Jackson Street		0.39	0.0	30	Cypress Street, northbound, beginning 900 feet north of Jackson Street, thence northerly on Cypress Street: 0.39 miles at 30 miles per hour 0.20 miles at 25 miles per hour ending at Centre Street; the total distance being 0.59 miles.	segment 1 of 2
Cypress Street	northbound	stanza		Centre Street	0.2	0.39	25	Cypress Street, northbound, beginning 900 feet north of Jackson Street, thence northerly on Cypress Street: 0.39 miles at 30 miles per hour 0.20 miles at 25 miles per hour ending at Centre Street; the total distance being 0.59 miles.	segment 2 of 2
Cypress Street	southbound	stanza	100 feet south of Centre Street		0.18	0.0	25	Cypress Street, southbound, beginning 100 feet south of Centre Street, thence southerly on Cypress Street: 0.18 miles at 25 miles per hour 0.56 miles at 30 miles per hour ending at Jackson Street; the total distance being 0.74 miles.	segment 1 of 2
Cypress Street	southbound	stanza		Jackson Street	0.56	0.18	30	Cypress Street, southbound, beginning 100 feet south of Centre Street, thence southerly on Cypress Street: 0.18 miles at 25 miles per hour 0.56 miles at 30 miles per hour ending at Jackson Street; the total distance being 0.74 miles.	segment 2 of 2
Dedham Street	northbound	stanza	the Newton-West Roxbury line		1.51	0.0	30	Dedham Street, northbound, beginning at the Newton-West Roxbury line, thence northerly on Dedham Street: 1.51 miles at 30 miles per hour 0.86 miles at 25 miles per hour ending at Winchester Street; the total distance being 2.37 miles.	segment 1 of 2
Dedham Street	northbound	stanza		Winchester Street	0.86	1.51	25	Dedham Street, northbound, beginning at the Newton-West Roxbury line, thence northerly on Dedham Street: 1.51 miles at 30 miles per hour 0.86 miles at 25 miles per hour ending at Winchester Street; the total distance being 2.37 miles.	segment 2 of 2
Dedham Street	southbound	stanza	Winchester Street		0.86	0.0	25	Dedham Street, southbound, beginning at Winchester Street, thence southerly on Dedham Street: 0.86 miles at 25 miles per hour 1.51 miles at 30 miles per hour ending at the Newton-West Roxbury line; the total distance being 2.37 miles.	segment 1 of 2
Dedham Street	southbound	stanza		the Newton-West Roxbury line	1.51	0.86	30	Dedham Street, southbound, beginning at Winchester Street, thence southerly on Dedham Street: 0.86 miles at 25 miles per hour 1.51 miles at 30 miles per hour ending at the Newton-West Roxbury line; the total distance being 2.37 miles.	segment 2 of 2
Derby Street	northbound	stanza	Waltham Street	the Newton-Waltham Line	0.76	0.0	25	Derby Street, northbound, beginning at Waltham Street, thence northerly on Derby Street: 0.76 miles at 25 miles per hour ending at the Newton-Waltham Line; the total distance being 0.76 miles.	
Derby Street	southbound	stanza	the Newton-Waltham Line	Waltham Street	0.76	0.0	25	Derby Street, southbound, beginning at the Newton-Waltham Line, thence southerly on Derby Street: 0.76 miles at 25 miles per hour ending at Waltham Street; the total distance being 0.76 miles.	
Elliot Street	eastbound	stanza	the Newton-Needham Line		0.49	0.0	25	Elliot Street, eastbound, beginning at the Newton-Needham Line, thence easterly on Elliot Street: 0.49 miles at 25 miles per hour 0.46 miles at 30 miles per hour ending at Route 9; the total distance being 0.95 miles.	segment 1 of 2
Elliot Street	eastbound	stanza		Route 9	0.46	0.49	30	Elliot Street, eastbound, beginning at the Newton-Needham Line, thence easterly on Elliot Street: 0.49 miles at 25 miles per hour 0.46 miles at 30 miles per hour ending at Route 9; the total distance being 0.95 miles.	segment 2 of 2
Elliot Street	westbound	stanza	100 feet west of Route 9		0.44	0.0	30	Elliot Street, westbound, beginning 100 feet west of Route 9, thence westerly on Elliot Street: 0.44 miles at 30 miles per hour 0.49 miles at 25 miles per hour ending at the Newton-Needham Line; the total distance being 0.93 miles.	segment 1 of 2
Elliot Street	westbound	stanza		the Newton-Needham Line	0.49	0.44	25	Elliot Street, westbound, beginning 100 feet west of Route 9, thence westerly on Elliot Street: 0.44 miles at 30 miles per hour 0.49 miles at 25 miles per hour ending at the Newton-Needham Line; the total distance being 0.93 miles.	segment 2 of 2
Elm Road	eastbound	stanza	Lowell Avenue	Walnut Street	0.24	0.0	25	Elm Road, eastbound, beginning at Lowell Avenue, thence easterly on Elm Road: 0.24 miles at 25 miles per hour ending at Walnut Street; the total distance being 0.24 miles.	
Elm Road	westbound	stanza	Walnut Street	Lowell Avenue	0.24	0.0	25	Elm Road, westbound, beginning at Walnut Street, thence westerly on Elm Road: 0.24 miles at 25 miles per hour ending at Lowell Avenue; the total distance being 0.24 miles.	
Elm Street	northbound	stanza	Washington Street	River Street	0.28	0.0	30	Elm Street, northbound, beginning at Washington Street, thence northerly on Elm Street: 0.28 miles at 30 miles per hour ending at River Street; the total distance being 0.28 miles.	
Elm Street	southbound	stanza	River Street	Washington Street	0.28	0.0	30	Elm Street, southbound, beginning at River Street, thence southerly on Elm Street: 0.28 miles at 30 miles per hour ending at Washington Street; the total distance being 0.28 miles.	
Fairway Drive	eastbound	stanza	100 feet east of Waltham Street	Watertown Street	0.4	0.0	25	Fairway Drive, eastbound, beginning 100 feet east of Waltham Street, thence easterly on Fairway Drive: 0.40 miles at 25 miles per hour ending at Watertown Street; the total distance being 0.40 miles.	
Fairway Drive	westbound	stanza	100 feet west of Watertown Street	Waltham Street	0.4	0.0	25	Fairway Drive, westbound, beginning 100 feet west of Watertown Street, thence westerly on Fairway Drive: 0.40 miles at 25 miles per hour ending at Waltham Street; the total distance being 0.40 miles.	
Farlow Road	eastbound	stanza	Waverley Avenue		0.27	0.0	25	Farlow Road, eastbound, beginning at Waverley Avenue, thence easterly on Farlow Road: 0.27 miles at 25 miles per hour 0.06 miles at 15 miles per hour ending at Chamberlain Road; the total distance being 0.33 miles.	segment 1 of 2
Farlow Road	eastbound	stanza		Chamberlain Road	0.06	0.27	15	Farlow Road, eastbound, beginning at Waverley Avenue, thence easterly on Farlow Road: 0.27 miles at 25 miles per hour 0.06 miles at 15 miles per hour ending at Chamberlain Road; the total distance being 0.33 miles.	segment 2 of 2
Farlow Road	westbound	stanza	Chamberlain Road		0.1	0.0	15	Farlow Road, westbound, beginning at Chamberlain Road, thence westerly on Farlow Road: 0.10 miles at 15 miles per hour 0.23 miles at 25 miles per hour ending at Waverley Avenue; the total distance being 0.33 miles.	segment 1 of 2
Farlow Road	westbound	stanza		Waverley Avenue	0.23	0.1	25	Farlow Road, westbound, beginning at Chamberlain Road, thence westerly on Farlow Road: 0.10 miles at 15 miles per hour 0.23 miles at 25 miles per hour ending at Waverley Avenue; the total distance being 0.33 miles.	segment 2 of 2
Faxon Street	northbound	stanza	Watertown Street	Jasset Street	0.06	0.0	25	Faxon Street, northbound, beginning at Watertown Street, thence northerly on Faxon Street: 0.06 miles at 25 miles per hour ending at Jasset Street, the total distance being 0.06 miles.	
Faxon Street	southbound	stanza	California Street	Watertown Street	0.27	0.0	25	Faxon Street, southbound, beginning at California Street, thence southerly on Faxon Street: 0.27 miles at 25 miles per hour ending at Watertown Street, the total distance being 0.27 miles.	
Florence Street	eastbound	stanza	Boylston Street (Route 9)	the Newton-Brookline Town Line	0.42	0.0	30	Florence Street, eastbound, beginning at the junction of Boylston Street (Route 9), thence easterly on Florence 0.42 miles at 30 miles per hour ending at the Newton-Brookline Town Line; the total distance being 0.42 miles.	
Florence Street	westbound	stanza	the Newton-Brookline Town Line	Boylston Street (Route 9)	0.42	0.0	30	Florence Street, westbound, beginning at the Newton-Brookline Town Line, thence westerly on Florence Street: 0.42 miles at 30 miles per hour ending at the junction of Boylston Street (Route 9); the total distance being 0.42 miles.	
Goddard Street	westbound	stanza	Winchester Street	Christina Street	0.21	0.0	30	Goddard Street, westbound, beginning at Winchester Street, thence westerly on Goddard Street: 0.21 miles at 30 miles per hour ending at Christina Street, the total distance being 0.21 miles.	
Goddard Street	eastbound	stanza	Christina Street	Winchester Street	0.21	0.0	30	Goddard Street, eastbound, beginning at Christina Street, thence easterly on Goddard Street: 0.21 miles at 30 miles per hour ending at Winchester Street; the total distance being 0.21 miles.	
Gordon Road	northbound	stanza	Beacon Street	Chestnut Street	0.35	0.0	25	Gordon Road, northbound, beginning at Beacon Street, thence northerly on Gordon Road: 0.35 miles at 25 miles per hour ending at Chestnut Street; the total distance being 0.35 miles.	
Gordon Road	southbound	stanza	Chestnut Street	Beacon Street	0.35	0.0	25	Gordon Road, southbound, beginning at Chestnut Street, thence southerly on Gordon Road: 0.35 miles at 25 miles per hour ending at Beacon Street; the total distance being 0.35 miles.	
Grant Avenue	northbound	stanza	100 feet north of Beacon Street	Ward Street	0.6	0.0	25	Grant Avenue, northbound, beginning 100 feet north of Beacon Street, thence northerly on Grant Avenue: 0.60 miles at 25 miles per hour ending at Ward Street; the total distance being 0.60 miles.	
Grant Avenue	southbound	stanza	100 feet south of Ward Street	Beacon Street	0.6	0.0	25	Grant Avenue, southbound, beginning 100 feet south of Ward Street, thence northerly on Grant Avenue: 0.60 miles at 25 miles per hour ending at Beacon Street; the total distance being 0.60 miles.	
Greenlawn Avenue	northbound	stanza	Hancock Street	Homer Street	0.28	0.0	25	Greenlawn Avenue, northbound, beginning at Hancock Street, thence northerly on Greenlawn Avenue: 0.28 miles at 25 miles per hour ending at Homer Street; the total distance being 0.28 miles.	
Greenlawn Avenue	southbound	stanza	Homer Street	Hancock Street	0.28	0.0	25	Greenlawn Avenue, southbound, beginning at Homer Street, thence southerly on Greenlawn Avenue: 0.28 miles at 25 miles per hour ending at Hancock Street; the total distance being 0.28 miles.	
Grove Street	northbound	stanza	Washington Street		0.53	0.0	25	Grove Street, northbound, beginning at Washington Street, thence northerly on Grove Street: 0.53 miles at 25 miles per hour 0.56 miles at 30 miles per hour 0.50 miles at 25 miles per hour ending at Central Street; the total distance being 1.59 miles.	segment 1 of 3
Grove Street	northbound	stanza			0.56	0.53	30	Grove Street, northbound, beginning at Washington Street, thence northerly on Grove Street: 0.53 miles at 25 miles per hour 0.56 miles at 30 miles per hour 0.50 miles at 25 miles per hour ending at Central Street; the total distance being 1.59 miles.	segment 2 of 3
Grove Street	northbound	stanza		Central Street	0.5	1.09	25	Grove Street, northbound, beginning at Washington Street, thence northerly on Grove Street: 0.53 miles at 25 miles per hour 0.56 miles at 30 miles per hour 0.50 miles at 25 miles per hour ending at Central Street; the total distance being 1.59 miles.	segment 3 of 3
Grove Street	southbound	stanza	Central Street		0.5	0.0	25	Grove Street, southbound, beginning at Central Street, thence southerly on Grove Street: 0.50 miles at 25 miles per hour 0.56 miles at 30 miles per hour 0.36 miles at 25 miles per hour ending at Hagar Street; the total distance being 1.42 miles.	segment 1 of 3
Grove Street	southbound	stanza			0.56	0.5	30	Grove Street, southbound, beginning at Central Street, thence southerly on Grove Street: 0.50 miles at 25 miles per hour 0.56 miles at 30 miles per hour 0.36 miles at 25 miles per hour ending at Hagar Street; the total distance being 1.42 miles.	segment 2 of 3
Grove Street	southbound	stanza		Hagar Street	0.36	1.06	25	Grove Street, southbound, beginning at Central Street, thence southerly on Grove Street: 0.50 miles at 25 miles per hour 0.56 miles at 30 miles per hour 0.36 miles at 25 miles per hour ending at Hagar Street; the total distance being 1.42 miles.	segment 3 of 3
Hartman Road	eastbound	stanza	Meadowbrook Road		0.49	0.0	25	Hartman Road, eastbound, beginning at Meadowbrook Road, thence easterly on Hartman Road: 0.49 miles at 25 miles per hour 0.41 miles at 20 miles per hour ending at Brookline Street; the total distance being 0.90 miles.	segment 1 of 2
Hartman Road	eastbound	stanza		Brookline Street	0.41	0.49	20	Hartman Road, eastbound, beginning at Meadowbrook Road, thence easterly on Hartman Road: 0.49 miles at 25 miles per hour 0.41 miles at 20 miles per hour ending at Brookline Street; the total distance being 0.90 miles.	segment 2 of 2
Hartman Road	westbound	stanza	Brookline Street		0.41	0.0	20	Hartman Road, westbound, beginning at Brookline Street, thence westerly on Hartman Road: 0.41 miles at 20 miles per hour 0.49 miles at 25 miles per hour ending at Meadowbrook Road; the total distance being 0.90 miles.	segment 1 of 2
Hartman Road	westbound	stanza		Meadowbrook Road	0.49	0.41	25	Hartman Road, westbound, beginning at Brookline Street, thence westerly on Hartman Road: 0.41 miles at 20 miles per hour 0.49 miles at 25 miles per hour ending at Meadowbrook Road; the total distance being 0.90 miles.	segment 2 of 2
Huntington Road	eastbound	stanza	Farlow Road	Chamberlain Road	0.13	0.0	25	Huntington Road, eastbound, beginning at Farlow Road, thence easterly on Huntington Road: 0.13 miles at 25 miles per hour ending at Chamberlain Road; the total distance being 0.13 miles.	
Huntington Road	westbound	stanza	Chamberlain Road	Farlow Road	0.13	0.0	25	Huntington Road, westbound, beginning at Chamberlain Road, thence westerly on Huntington Road: 0.13 miles at 25 miles per hour ending at Farlow Road; the total distance being 0.13 miles.	
Jasset Street	northbound	stanza	Faxon Street	California Street	0.19	0.0	25	Jasset Street, northbound, beginning at Faxon Street, thence northerly on Jasset Street: 0.19 miles at 25 miles per hour ending at California Street, the total distance being 0.19 miles.	
LaGrange Street	northbound	stanza	the Newton-Boston Line	the Newton-Brookline Line	0.39	0.0	30	LaGrange Street, northbound, beginning at the Newton-Boston Line, thence northerly on LaGrange Street: 0.39 miles at 30 miles per hour ending at the Newton-Brookline Line the total distance being 0.39 miles.	
LaGrange Street	southbound	stanza	the Brookline-Newton Line	the Newton-Boston Line	0.39	0.0	30	LaGrange Street, southbound, beginning at the Brookline-Newton Line, thence southerly on LaGrange Street: 0.39 miles at 30 miles per hour ending at the Newton-Boston Line; the total distance being 0.39 miles. 0.39 miles at 30 miles per hour ending at the Newton-Boston Line; the total distance being 0.39 miles.	
Lake Avenue	northbound	stanza	Walnut Street		0.27	0.0	25	Lake Avenue, northbound, beginning at Walnut Street, thence northerly on Lake Avenue: 0.27 miles at 25 miles per hour 0.11 miles at 15 miles per hour 0.32 miles at 25 miles per hour 0.10 miles at 15 miles per hour ending at Beacon Street; the total distance being 0.80 miles.	segment 1 of 4
Lake Avenue	northbound	stanza			0.11	0.27	15	Lake Avenue, northbound, beginning at Walnut Street, thence northerly on Lake Avenue: 0.27 miles at 25 miles per hour 0.11 miles at 15 miles per hour 0.32 miles at 25 miles per hour 0.10 miles at 15 miles per hour ending at Beacon Street; the total distance being 0.80 miles.	segment 2 of 4
Lake Avenue	northbound	stanza			0.32	0.38	25	Lake Avenue, northbound, beginning at Walnut Street, thence northerly on Lake Avenue: 0.27 miles at 25 miles per hour 0.11 miles at 15 miles per hour 0.32 miles at 25 miles per hour 0.10 miles at 15 miles per hour ending at Beacon Street; the total distance being 0.80 miles.	segment 3 of 4
Lake Avenue	northbound	stanza		Beacon Street	0.1	0.7	15	Lake Avenue, northbound, beginning at Walnut Street, thence northerly on Lake Avenue: 0.27 miles at 25 miles per hour 0.11 miles at 15 miles per hour 0.32 miles at 25 miles per hour 0.10 miles at 15 miles per hour ending at Beacon Street; the total distance being 0.80 miles.	segment 4 of 4
Lake Avenue	southbound	stanza	Beacon Street		0.1	0.0	15	Lake Avenue, southbound, beginning at Beacon Street, thence southerly on Lake Street: 0.10 miles at 15 miles per hour 0.32 miles at 25 miles per hour 0.11 miles at 15 miles per hour 0.27 miles at 25 miles per hour ending at Walnut Street; the total distance being 0.80 miles.	segment 1 of 4
Lake Avenue	southbound	stanza			0.32	0.1	25	Lake Avenue, southbound, beginning at Beacon Street, thence southerly on Lake Street: 0.10 miles at 15 miles per hour 0.32 miles at 25 miles per hour 0.11 miles at 15 miles per hour 0.27 miles at 25 miles per hour ending at Walnut Street; the total distance being 0.80 miles.	segment 2 of 4
Lake Avenue	southbound	stanza			0.11	0.42	15	Lake Avenue, southbound, beginning at Beacon Street, thence southerly on Lake Street: 0.10 miles at 15 miles per hour 0.32 miles at 25 miles per hour 0.11 miles at 15 miles per hour 0.27 miles at 25 miles per hour ending at Walnut Street; the total distance being 0.80 miles.	segment 3 of 4
Lake Avenue	southbound	stanza		Walnut Street	0.27	0.53	25	Lake Avenue, southbound, beginning at Beacon Street, thence southerly on Lake Street: 0.10 miles at 15 miles per hour 0.32 miles at 25 miles per hour 0.11 miles at 15 miles per hour 0.27 miles at 25 miles per hour ending at Walnut Street; the total distance being 0.80 miles.	segment 4 of 4
Lexington Street	northbound	stanza	Auburn Street		0.24	0.0	25	Lexington Street, northbound, beginning at Auburn Street, thence northerly on Lexington Street: 0.24 miles at 25 miles per hour 0.82 miles at 30 miles per hour ending at the Newton-Waltham line; the total distance being 1.06 miles.	segment 1 of 2
Lexington Street	northbound	stanza		the Newton-Waltham line	0.82	0.24	30	Lexington Street, northbound, beginning at Auburn Street, thence northerly on Lexington Street: 0.24 miles at 25 miles per hour 0.82 miles at 30 miles per hour ending at the Newton-Waltham line; the total distance being 1.06 miles.	segment 2 of 2
Lexington Street	southbound	stanza	the Newton-Waltham line		0.82	0.0	30	Lexington Street, southbound, beginning at the Newton-Waltham line, thence southerly on Lexington Street: 0.82 miles at 30 miles per hour 0.24 miles at 25 miles per hour ending at Auburn Street; the total distance being 1.06 miles.	segment 1 of 2
Lexington Street	southbound	stanza		Auburn Street	0.24	0.82	25	Lexington Street, southbound, beginning at the Newton-Waltham line, thence southerly on Lexington Street: 0.82 miles at 30 miles per hour 0.24 miles at 25 miles per hour ending at Auburn Street; the total distance being 1.06 miles.	segment 2 of 2
Linwood Avenue	northbound	stanza	Watertown Street	Bridge Street	0.73	0.0	25	Linwood Avenue, northbound, beginning at Watertown Street, thence northerly on Linwood Avenue: 0.73 miles at 25 miles per hour ending at Bridge Street; the total distance being 0.73 miles.	
Linwood Avenue	southbound	stanza	Bridge Street	Watertown Street	0.73	0.0	25	Linwood Avenue, southbound, beginning at Bridge Street, thence southerly on Linwood Avenue: 0.73 miles at 25 miles per hour ending at Watertown Street; the total distance being 0.73 miles.	
Lion Drive and Brandeis Road	westbound	stanza	one hundred (100) feet west of Greenwood Street		0.5	0.0	25	Lion Drive and Brandeis Road, westbound, beginning one hundred (100) feet west of Greenwood Street, thence 0.50 miles at 25 miles per hour 0.52 miles at 30 miles per hour ending at Parker Terrace, the total distance being zero and eighty-three hundredths (0.83) miles.	source total 0.83 mi disagrees with segment sum 1.02 mi
Lion Drive and Brandeis Road	westbound	stanza		Parker Terrace	0.52	0.5	30	Lion Drive and Brandeis Road, westbound, beginning one hundred (100) feet west of Greenwood Street, thence 0.50 miles at 25 miles per hour 0.52 miles at 30 miles per hour ending at Parker Terrace, the total distance being zero and eighty-three hundredths (0.83) miles.	source total 0.83 mi disagrees with segment sum 1.02 mi
Manemet Road	northbound	stanza	Homer Street	Commonwealth Avenue	0.15	0.0	20	Manemet Road, northbound, beginning at Homer Street, thence northerly on Manemet Road: 0.15 miles at 20 miles per hour ending at Commonwealth Avenue; the total distance being 0.15 miles.	
Manemet Road	southbound	stanza	Commonwealth Avenue	Homer Street	0.15	0.0	20	Manemet Road, southbound, beginning at Commonwealth Avenue, thence southerly on Manemet Road: 0.15 miles at 20 miles per hour ending at Homer Street; the total distance being 0.15 miles.	
Mill Street	eastbound	stanza	Walnut Street		0.24	0.0	30	Mill Street, eastbound, beginning at Walnut Street, thence easterly on Mill Street: 0.24 miles at 30 miles per hour 0.47 miles at 25 miles per hour ending at Centre Street; the total distance being 0.71 miles.	segment 1 of 2
Mill Street	eastbound	stanza		Centre Street	0.47	0.24	25	Mill Street, eastbound, beginning at Walnut Street, thence easterly on Mill Street: 0.24 miles at 30 miles per hour 0.47 miles at 25 miles per hour ending at Centre Street; the total distance being 0.71 miles.	segment 2 of 2
Mill Street	westbound	stanza	Centre Street		0.47	0.0	25	Mill Street, westbound, beginning at Centre Street, thence westerly on Mill Street: 0.47 miles at 25 miles per hour 0.24 miles at 30 miles per hour ending at Walnut Street; the total distance being 0.71 miles.	segment 1 of 2
Mill Street	westbound	stanza		Walnut Street	0.24	0.47	30	Mill Street, westbound, beginning at Centre Street, thence westerly on Mill Street: 0.47 miles at 25 miles per hour 0.24 miles at 30 miles per hour ending at Walnut Street; the total distance being 0.71 miles.	segment 2 of 2
Nahanton Street	eastbound	stanza	the Newton-Needham Line		0.5	0.0	35	Nahanton Street, eastbound, beginning at the Newton-Needham Line, thence easterly on Nahanton Street: 0.50 miles at 35 miles per hour 0.48 miles at 30 miles per hour 0.09 miles at 25 miles per hour ending at Dedham Street; the total distance being 1.07 miles.	segment 1 of 3
Nahanton Street	eastbound	stanza			0.48	0.5	30	Nahanton Street, eastbound, beginning at the Newton-Needham Line, thence easterly on Nahanton Street: 0.50 miles at 35 miles per hour 0.48 miles at 30 miles per hour 0.09 miles at 25 miles per hour ending at Dedham Street; the total distance being 1.07 miles.	segment 2 of 3
Nahanton Street	eastbound	stanza		Dedham Street	0.09	0.98	25	Nahanton Street, eastbound, beginning at the Newton-Needham Line, thence easterly on Nahanton Street: 0.50 miles at 35 miles per hour 0.48 miles at 30 miles per hour 0.09 miles at 25 miles per hour ending at Dedham Street; the total distance being 1.07 miles.	segment 3 of 3
Nahanton Street	westbound	stanza	450 feet west of Dedham Street		0.48	0.0	30	Nahanton Street, westbound, beginning 450 feet west of Dedham Street, thence westerly on Nahanton Street: 0.48 miles at 30 miles per hour 0.50 miles at 35 miles per hour ending at the Newton-Needham Line; the total distance being 0.98 miles.	segment 1 of 2
Nahanton Street	westbound	stanza		the Newton-Needham Line	0.5	0.48	35	Nahanton Street, westbound, beginning 450 feet west of Dedham Street, thence westerly on Nahanton Street: 0.48 miles at 30 miles per hour 0.50 miles at 35 miles per hour ending at the Newton-Needham Line; the total distance being 0.98 miles.	segment 2 of 2
North Street	northbound	stanza	Crafts Street	the Newton-Waltham Line	0.49	0.0	30	North Street, northbound, beginning at Crafts Street, thence northerly on North Street: 0.49 miles at 30 miles per hour ending at the Newton-Waltham Line; the total distance being 0.49 miles.	
North Street	southbound	stanza	the Newton-Waltham Line	Crafts Street	0.49	0.0	30	North Street, southbound, beginning at the Newton-Waltham Line, thence southerly on North Street: 0.49 miles at 30 miles per hour ending at Crafts Street; the total distance being 0.49 miles.	
Otis Street	eastbound	stanza	Chestnut Street	on Walnut Street	0.85	0.0	25	Otis Street, eastbound, beginning at Chestnut Street, thence easterly on Otis Street: 0.85 miles at 25 miles per hour ending on Walnut Street, the total distance being 0.85 miles.	
Otis Street	westbound	stanza	Walnut Street	Chestnut Street	0.85	0.0	25	Otis Street, westbound, beginning at Walnut Street, thence westerly on Otis Street: 0.85 miles at 25 miles per hour ending at Chestnut Street, the total distance being 0.85 miles.	
Parker Street	northbound	stanza	Dedham Street	Cypress Street	1.31	0.0	30	Parker Street, northbound, beginning at Dedham Street, thence northerly on Parker Street: 1.31 miles at 30 miles per hour ending at Cypress Street; the total distance being 1.31 miles.	
Parker Street	southbound	stanza	Cypress Street	Dedham Street	1.31	0.0	30	Parker Street, southbound, beginning at Cypress Street, thence southerly on Parker Street: 1.31 miles at 30 miles per hour ending at Dedham Street; the total distance being 1.31 miles.	
Paul Street	eastbound	stanza	Centre Street	Cypress Street	0.21	0.0	25	Paul Street, eastbound, beginning at Centre Street, thence easterly on Paul Street: 0.21 miles at 25 miles per hour ending at Cypress Street; the total distance being 0.21 miles.	
Paul Street	westbound	stanza	Cypress Street	Centre Street	0.21	0.0	25	Paul Street, westbound, beginning at Cypress Street, thence westerly on Paul Street: 0.21 miles at 25 miles per hour ending at Centre Street; the total distance being 0.21 miles.	
Pearl Street	eastbound	stanza	Watertown Street	Centre Street	0.72	0.0	25	Pearl Street, eastbound, beginning at Watertown Street, thence easterly on Pearl Street: 0.72 miles at 25 miles per hour ending at Centre Street; the total distance being 0.72 miles.	
Pearl Street	westbound	stanza	Watertown Street	Watertown Street	0.72	0.0	25	Pearl Street, westbound, beginning at Watertown Street, thence westerly on Pearl Street: 0.72 miles at 25 miles per hour ending at Watertown Street; the total distance being 0.72 miles.	
Pleasant Street	eastbound	stanza	100 feet east of Homer Street	Centre Street	0.5	0.0	25	Pleasant Street, eastbound, beginning 100 feet east of Homer Street, thence easterly on Pleasant Street: 0.50 miles at 25 miles per hour ending at Centre Street; the total distance being 0.50 miles.	
Pleasant Street	westbound	stanza	Crescent Avenue	Homer Street	0.34	0.0	25	Pleasant Street, westbound, beginning at Crescent Avenue, thence westerly on Pleasant Street: 0.34 miles at 25 miles per hour ending at Homer Street; the total distance being 0.34 miles.	
Rachel Road	northbound	stanza	100 feet north of Dedham Street	Winchester Street	0.28	0.0	25	Rachel Road, northbound, beginning 100 feet north of Dedham Street, thence northerly on Rachel Road: 0.28 miles at 25 miles per hour ending at Winchester Street; the total distance being 0.28 miles.	
Rachel Road	southbound	stanza	100 feet south of Winchester Street	Dedham Street	0.28	0.0	25	Rachel Road, southbound, beginning 100 feet south of Winchester Street, thence southerly on Rachel Road: 0.28 miles at 25 miles per hour ending at Dedham Street; the total distance being 0.28 miles.	
Reservoir Avenue	northbound	stanza	Hammond Street	Beacon Street	0.26	0.0	30	Reservoir Avenue, northbound, beginning at Hammond Street, thence northerly on Reservoir Avenue: 0.26 miles at 30 miles per hour ending at Beacon Street; the total distance being 0.26 miles.	
Roosevelt Road	eastbound	stanza	Parker Street	Brandeis Road	0.17	0.0	25	Roosevelt Road, eastbound, beginning at Parker Street, thence easterly on Roosevelt Road: 0.17 miles at 25 miles per hour ending at Brandeis Road; the total distance being 0.17 miles.	
Roosevelt Road	westbound	stanza	Brandeis Road	Parker Street	0.17	0.0	25	Roosevelt Road, westbound, beginning at Brandeis Road, thence westerly on Roosevelt Road: 0.17 miles at 25 miles per hour ending at Parker Street; the total distance being 0.17 miles.	
Tyler Terrace	eastbound	stanza	Pleasant Street	Centre Street	0.26	0.0	30	Tyler Terrace, eastbound, beginning at Pleasant Street, thence easterly on Tyler Terrace: 0.26 miles at 30 miles per hour ending at Centre Street; the total distance being 0.26 miles.	
Tyler Terrace	westbound	stanza	Centre Street	Pleasant Street	0.26	0.0	30	Tyler Terrace, westbound, beginning at Centre Street, thence westerly on Tyler Terrace: 0.26 miles at 30 miles per hour ending at Pleasant Street; the total distance being 0.26 miles.	
Valentine Street	northbound	stanza	Commonwealth Avenue	Highland Street	0.67	0.0	25	Valentine Street, northbound, beginning at Commonwealth Avenue, thence northerly on Valentine Street: 0.67 miles at 25 miles per hour ending at Highland Street; the total distance being 0.67 miles.	
Valentine Street	southbound	stanza	Highland Street	Commonwealth Avenue	0.67	0.0	25	Valentine Street, southbound, beginning at Highland Street, thence northerly on Valentine Street: 0.67 miles at 25 miles per hour ending at Commonwealth Avenue; the total distance being 0.67 miles.	
Vine Street	eastbound	stanza	100 feet east of Brookline Street		0.18	0.0	25	Vine Street, eastbound, beginning at 100 feet east of Brookline Street, thence easterly on Vine Street: 0.18 miles at 25 per hour 0.18 miles at 20 per hour ending at LaGrange Street; the total distance being 0.36 miles.	segment 1 of 2
Vine Street	eastbound	stanza		LaGrange Street	0.18	0.18	20	Vine Street, eastbound, beginning at 100 feet east of Brookline Street, thence easterly on Vine Street: 0.18 miles at 25 per hour 0.18 miles at 20 per hour ending at LaGrange Street; the total distance being 0.36 miles.	segment 2 of 2
Vine Street	westbound	stanza	100 feet west of LaGrange Street		0.16	0.0	20	Vine Street, westbound, beginning 100 feet west of LaGrange Street, thence westerly on Vine Street: 0.16 miles at 20 miles per hour 0.20 miles at 25 miles per hour ending at Brookline Street; the total distance being 0.36 miles.	segment 1 of 2
Vine Street	westbound	stanza		Brookline Street	0.2	0.16	25	Vine Street, westbound, beginning 100 feet west of LaGrange Street, thence westerly on Vine Street: 0.16 miles at 20 miles per hour 0.20 miles at 25 miles per hour ending at Brookline Street; the total distance being 0.36 miles.	segment 2 of 2
Walnut Street	northbound	stanza	north of Route 9		0.33	0.0	25	Walnut Street, northbound, beginning north of Route 9, thence northerly on Walnut Street: 0.33 miles at 25 miles per hour 0.40 miles at 30 miles per hour 2.12 miles at 25 miles per hour ending at Crafts Street; the total distance being 2.85 miles.	segment 1 of 3
Walnut Street	northbound	stanza			0.4	0.33	30	Walnut Street, northbound, beginning north of Route 9, thence northerly on Walnut Street: 0.33 miles at 25 miles per hour 0.40 miles at 30 miles per hour 2.12 miles at 25 miles per hour ending at Crafts Street; the total distance being 2.85 miles.	segment 2 of 3
Walnut Street	northbound	stanza		Crafts Street	2.12	0.73	25	Walnut Street, northbound, beginning north of Route 9, thence northerly on Walnut Street: 0.33 miles at 25 miles per hour 0.40 miles at 30 miles per hour 2.12 miles at 25 miles per hour ending at Crafts Street; the total distance being 2.85 miles.	segment 3 of 3
Walnut Street	southbound	stanza	Crafts Street		2.12	0.0	25	Walnut Street, southbound, beginning at Crafts Street, thence southerly on Walnut Street: 2.12 miles at 25 miles per hour 0.40 miles at 30 miles per hour 0.33 miles at 25 miles per hour ending north of Route 9, the total distance being 2.85 miles.	segment 1 of 3
Walnut Street	southbound	stanza			0.4	2.12	30	Walnut Street, southbound, beginning at Crafts Street, thence southerly on Walnut Street: 2.12 miles at 25 miles per hour 0.40 miles at 30 miles per hour 0.33 miles at 25 miles per hour ending north of Route 9, the total distance being 2.85 miles.	segment 2 of 3
Walnut Street	southbound	stanza		north of Route 9	0.33	2.52	25	Walnut Street, southbound, beginning at Crafts Street, thence southerly on Walnut Street: 2.12 miles at 25 miles per hour 0.40 miles at 30 miles per hour 0.33 miles at 25 miles per hour ending north of Route 9, the total distance being 2.85 miles.	segment 3 of 3
Waltham Street	northbound	stanza	a point 700 feet north of Washington Street		0.22	0.0	25	Waltham Street, northbound, beginning at a point 700 feet north of Washington Street, thence northerly on 0.22 miles at 25 miles per hour 0.35 miles at 30 miles per hour 0.17 miles at 25 miles per hour 0.24 miles at 30 miles per hour ending at the Newton-Waltham line; the total distance being 0.98 miles.	segment 1 of 4
Waltham Street	northbound	stanza			0.35	0.22	30	Waltham Street, northbound, beginning at a point 700 feet north of Washington Street, thence northerly on 0.22 miles at 25 miles per hour 0.35 miles at 30 miles per hour 0.17 miles at 25 miles per hour 0.24 miles at 30 miles per hour ending at the Newton-Waltham line; the total distance being 0.98 miles.	segment 2 of 4
Waltham Street	northbound	stanza			0.17	0.57	25	Waltham Street, northbound, beginning at a point 700 feet north of Washington Street, thence northerly on 0.22 miles at 25 miles per hour 0.35 miles at 30 miles per hour 0.17 miles at 25 miles per hour 0.24 miles at 30 miles per hour ending at the Newton-Waltham line; the total distance being 0.98 miles.	segment 3 of 4
Waltham Street	northbound	stanza		the Newton-Waltham line	0.24	0.74	30	Waltham Street, northbound, beginning at a point 700 feet north of Washington Street, thence northerly on 0.22 miles at 25 miles per hour 0.35 miles at 30 miles per hour 0.17 miles at 25 miles per hour 0.24 miles at 30 miles per hour ending at the Newton-Waltham line; the total distance being 0.98 miles.	segment 4 of 4
Waltham Street	southbound	stanza	the Newton-Waltham Line		0.24	0.0	30	Waltham Street, southbound, beginning at the Newton-Waltham Line, thence southerly on Waltham Street: 0.24 miles at 30 miles per hour 0.17 miles at 25 miles per hour 0.35 miles at 30 miles per hour 0.35 miles at 25 miles per hour ending at Washington Street; the total distance being 1.11 miles.	segment 1 of 4
Waltham Street	southbound	stanza			0.17	0.24	25	Waltham Street, southbound, beginning at the Newton-Waltham Line, thence southerly on Waltham Street: 0.24 miles at 30 miles per hour 0.17 miles at 25 miles per hour 0.35 miles at 30 miles per hour 0.35 miles at 25 miles per hour ending at Washington Street; the total distance being 1.11 miles.	segment 2 of 4
Waltham Street	southbound	stanza			0.35	0.41	30	Waltham Street, southbound, beginning at the Newton-Waltham Line, thence southerly on Waltham Street: 0.24 miles at 30 miles per hour 0.17 miles at 25 miles per hour 0.35 miles at 30 miles per hour 0.35 miles at 25 miles per hour ending at Washington Street; the total distance being 1.11 miles.	segment 3 of 4
Waltham Street	southbound	stanza		Washington Street	0.35	0.76	25	Waltham Street, southbound, beginning at the Newton-Waltham Line, thence southerly on Waltham Street: 0.24 miles at 30 miles per hour 0.17 miles at 25 miles per hour 0.35 miles at 30 miles per hour 0.35 miles at 25 miles per hour ending at Washington Street; the total distance being 1.11 miles.	segment 4 of 4
Ward Street	eastbound	stanza	a point 500 feet east of Elmore Street	Manet Road	0.95	0.0	25	Ward Street, eastbound, beginning at a point 500 feet east of Elmore Street, thence easterly on Ward Street: 0.95 miles at 25 miles per hour ending at Manet Road; the total distance being 0.95 miles.	
Ward Street	westbound	stanza	a point 100 feet west of Hammond Street	Morseland Avenue	0.99	0.0	25	Ward Street, westbound, beginning at a point 100 feet west of Hammond Street, thence southerly on Ward 0.99 miles at 25 miles per hour ending at Morseland Avenue; the total distance being 0.99 miles.	
Webster Street	eastbound	stanza	Rowe Street	Waltham Street	0.76	0.0	25	Webster Street, eastbound, beginning at Rowe Street, thence easterly on Webster Street: 0.76 miles at 25 miles per hour ending at Waltham Street; the total distance being 0.76 miles.	
Webster Street	westbound	stanza	Waltham Street	Rowe Street	0.76	0.0	25	Webster Street, westbound, beginning at Waltham Street, thence westerly on Webster Street: 0.76 miles at 25 miles per hour ending at Rowe Street; the total distance being 0.76 miles.	
Winchester Street	northbound	stanza	Nahanton Street	Centre Street	1.46	0.0	30	Winchester Street, northbound, beginning at Nahanton Street, thence northerly on Winchester Street: 1.46 miles at 30 miles per hour ending at Centre Street; the total distance being 1.46 miles.	
Winchester Street	southbound	stanza	Centre Street	Nahanton Street	1.46	0.0	30	Winchester Street, southbound, beginning at Centre Street, thence southerly on Winchester Street: 1.46 miles at 30 miles per hour ending at Nahanton Street; the total distance being 1.46 miles.	
Woodland Road	eastbound	stanza	a point 150 feet east of Central Street	Washington Street	0.68	0.0	30	Woodland Road, eastbound, beginning at a point 150 feet east of Central Street, thence easterly on Woodland 0.68 miles at 30 miles per hour ending at Washington Street; the total distance being 0.68 miles.	
Woodland Road	westbound	stanza	Washington Street	Central Street	0.71	0.0	30	Woodland Road, westbound, beginning at Washington Street, thence westerly on Woodland Road: 0.71 miles at 30 miles per hour ending at Central Street; the total distance being .71 miles.	
Centre Street		oneliner	Route 9 overpass	Centre Avenue			25	Centre Street, 25 miles per hour from Route 9 overpass to Centre Avenue. (Ord. No. V-145, 10-20-97)	
Cummings Road.		oneliner	Homer Street	end			25	Cummings Road., 25 miles per hour from Homer Street to end. (Ord. No. X-23, 7-8-02)	
Fuller Street		oneliner	Commonwealth Avenue	Chestnut Street			25	Fuller Street, 25 miles per hour from Commonwealth Avenue to Chestnut Street. (Ord. No. W-1, 7-10-00)	
Windsor Road		oneliner	Beacon Street	Moffat Road			25	Windsor Road, 25 miles per hour, from Beacon Street to Moffat Road. (Ord. No. U-41, 5-2-94)	
Wolcott Street		oneliner	Webster Street	Lexington Street			25	Wolcott Street, 25 miles per hour, from Webster Street to Lexington Street. (Ord. No. U-40, 4-19-94)	
Beacon Street	eastbound	table	Samoset Road	42.326424, -71.234588			30	Beacon Street eastbound: Samoset Road to 42.326424, -71.234588, 30 mph	
Beacon Street	eastbound	table	42.326424, -71.234588	Woodward Street			25	Beacon Street eastbound: 42.326424, -71.234588 to Woodward Street, 25 mph	
Beacon Street	eastbound	table	Woodward Street	Chestnut Street			30	Beacon Street eastbound: Woodward Street to Chestnut Street, 30 mph	
Beacon Street	eastbound	table	42.331057, -71.214135	Crescent Avenue			30	Beacon Street eastbound: 42.331057, -71.214135 to Crescent Avenue, 30 mph	
Beacon Street	eastbound	table	Crescent Avenue	Chesley Road			25	Beacon Street eastbound: Crescent Avenue to Chesley Road, 25 mph	
Beacon Street	eastbound	table	Chesley Road	Bishopsgate Road			35	Beacon Street eastbound: Chesley Road to Bishopsgate Road, 35 mph	
Beacon Street	eastbound	table	Bishopsgate Road	Boston City Line			30	Beacon Street eastbound: Bishopsgate Road to Boston City Line, 30 mph	
Beacon Street	westbound	table	Boston City Line	Bishopsgate Road			30	Beacon Street westbound: Boston City Line to Bishopsgate Road, 30 mph	
Beacon Street	westbound	table	Bishopsgate Road	Grant Avenue			35	Beacon Street westbound: Bishopsgate Road to Grant Avenue, 35 mph	
Beacon Street	westbound	table	Grant Avenue	Centre Street			25	Beacon Street westbound: Grant Avenue to Centre Street, 25 mph	
Beacon Street	westbound	table	Centre Street	42.331062, -71.210093			30	Beacon Street westbound: Centre Street to 42.331062, -71.210093, 30 mph	
Beacon Street	westbound	table	Ashmont Road	Woodward Street			30	Beacon Street westbound: Ashmont Road to Woodward Street, 30 mph	
Beacon Street	westbound	table	Woodward Street	42.326376, -71.234314			25	Beacon Street westbound: Woodward Street to 42.326376, -71.234314, 25 mph	
Beacon Street	westbound	table	42.326376, -71.234314	Agawam Road			30	Beacon Street westbound: 42.326376, -71.234314 to Agawam Road, 30 mph	
Beacon Street	westbound	table	Agawam Road	Washington Street			25	Beacon Street westbound: Agawam Road to Washington Street, 25 mph	
Cabot Street	eastbound	table	Walnut Street	Harvard Street			30	Cabot Street eastbound: Walnut Street to Harvard Street, 30 mph	
Cabot Street	eastbound	table	Harvard Street	Langdon Street			25	Cabot Street eastbound: Harvard Street to Langdon Street, 25 mph	
Cabot Street	eastbound	table	Langdon Street	Centre Street			20	Cabot Street eastbound: Langdon Street to Centre Street, 20 mph	
Cabot Street	westbound	table	Centre Street	Langdon Street			20	Cabot Street westbound: Centre Street to Langdon Street, 20 mph	
Cabot Street	westbound	table	Langdon Street	Harvard Street			25	Cabot Street westbound: Langdon Street to Harvard Street, 25 mph	
Cabot Street	westbound	table	Harvard Street	Walnut Street			30	Cabot Street westbound: Harvard Street to Walnut Street, 30 mph	
California Street	eastbound	table	Crafts Street	Melbourne Avenue			30	California Street eastbound: Crafts Street to Melbourne Avenue, 30 mph	
California Street	eastbound	table	Melbourne Avenue	Chapel Street			20	California Street eastbound: Melbourne Avenue to Chapel Street, 20 mph	
California Street	eastbound	table	Chapel Street	Watertown City Line			30	California Street eastbound: Chapel Street to Watertown City Line, 30 mph	
California Street	westbound	table	Watertown City Line	Chapel Street			30	California Street westbound: Watertown City Line to Chapel Street, 30 mph	
California Street	westbound	table	Chapel Street	Melbourne Avenue			20	California Street westbound: Chapel Street to Melbourne Avenue, 20 mph	
California Street	westbound	table	Melbourne Avenue	Crafts Street			30	California Street westbound: Melbourne Avenue to Crafts Street, 30 mph	
Centre Street	northbound	table	42.319725, -71.206248	42.320975, -71.204219			25	Centre Street northbound: 42.319725, -71.206248 to 42.320975, -71.204219, 25 mph	
Centre Street	northbound	table	42.320975, -71.204219	Paul Street			35	Centre Street northbound: 42.320975, -71.204219 to Paul Street, 35 mph	
Centre Street	northbound	table	Paul Street	Homer Street			25	Centre Street northbound: Paul Street to Homer Street, 25 mph	
Centre Street	northbound	table	Homer Street	Hyde Avenue			30	Centre Street northbound: Homer Street to Hyde Avenue, 30 mph	
Centre Street	northbound	table	Hyde Avenue	42.355641, -71.186079			25	Centre Street northbound: Hyde Avenue to 42.355641, -71.186079, 25 mph	
Centre Street	southbound	table	42.355745, -71.186296	Bellevue Street			25	Centre Street southbound: 42.355745, -71.186296 to Bellevue Street, 25 mph	
Centre Street	southbound	table	Bellevue Street	Homer Street			30	Centre Street southbound: Bellevue Street to Homer Street, 30 mph	
Centre Street	southbound	table	Homer Street	Paul Street			25	Centre Street southbound: Homer Street to Paul Street, 25 mph	
Centre Street	southbound	table	Paul Street	Aberdeen Street			35	Centre Street southbound: Paul Street to Aberdeen Street, 35 mph	
Centre Street	southbound	table	Aberdeen Street	42.319738, -71.206332			25	Centre Street southbound: Aberdeen Street to 42.319738, -71.206332, 25 mph	
Chestnut Street	northbound	table	Oak Street	Anita Circle			25	Chestnut Street northbound: Oak Street to Anita Circle, 25 mph	
Chestnut Street	northbound	table	Anita Circle	Beacon Street			30	Chestnut Street northbound: Anita Circle to Beacon Street, 30 mph	
Chestnut Street	northbound	table	Beacon Street	Caroline Park			20	Chestnut Street northbound: Beacon Street to Caroline Park, 20 mph	
Chestnut Street	northbound	table	Caroline Park	Washington Street			30	Chestnut Street northbound: Caroline Park to Washington Street, 30 mph	
Chestnut Street	southbound	table	Washington Street	Byfield Road			30	Chestnut Street southbound: Washington Street to Byfield Road, 30 mph	
Chestnut Street	southbound	table	Byfield Road	Beacon Street			20	Chestnut Street southbound: Byfield Road to Beacon Street, 20 mph	
Chestnut Street	southbound	table	Beacon Street	Anita Circle			30	Chestnut Street southbound: Beacon Street to Anita Circle, 30 mph	
Chestnut Street	southbound	table	Anita Circle	Oak Street			25	Chestnut Street southbound: Anita Circle to Oak Street, 25 mph	
Hammond Street	northbound	table	Brookline Town Line	Suffolk Road			20	Hammond Street northbound: Brookline Town Line to Suffolk Road, 20 mph	
Hammond Street	northbound	table	Suffolk Road	Beacon Street			25	Hammond Street northbound: Suffolk Road to Beacon Street, 25 mph	
Hammond Street	northbound	table	Priscilla Road	Ward Street			25	Hammond Street northbound: Priscilla Road to Ward Street, 25 mph	
Hammond Street	southbound	table	Ward Street	Crosby Road			25	Hammond Street southbound: Ward Street to Crosby Road, 25 mph	
Hammond Street	southbound	table	Crosby Road	42.334212, -71.174110			20	Hammond Street southbound: Crosby Road to 42.334212, -71.174110, 20 mph	
Hammond Street	southbound	table	42.334212, -71.174110	Suffolk Road			25	Hammond Street southbound: 42.334212, -71.174110 to Suffolk Road, 25 mph	
Hammond Street	southbound	table	Suffolk Road	Brookline Town Line			20	Hammond Street southbound: Suffolk Road to Brookline Town Line, 20 mph	
Langley Road	northbound	table	State Route 9 (Boylston Street)	Beecher Place			25	Langley Road northbound: State Route 9 (Boylston Street) to Beecher Place, 25 mph	
Langley Road	northbound	table	Beecher Place	Glazer Road			30	Langley Road northbound: Beecher Place to Glazer Road, 30 mph	
Langley Road	northbound	table	Glazer Road	Beacon Street			25	Langley Road northbound: Glazer Road to Beacon Street, 25 mph	
Langley Road	southbound	table	Centre Street	Glazer Road			25	Langley Road southbound: Centre Street to Glazer Road, 25 mph	
Langley Road	southbound	table	Glazer Road	Beecher Place			30	Langley Road southbound: Glazer Road to Beecher Place, 30 mph	
Langley Road	southbound	table	Beecher Place	State Route 9 (Boylston Street)			25	Langley Road southbound: Beecher Place to State Route 9 (Boylston Street), 25 mph	
Lowell Avenue	northbound	table	Commonwealth Avenue	Highland Avenue			30	Lowell Avenue northbound: Commonwealth Avenue to Highland Avenue, 30 mph	
Lowell Avenue	northbound	table	Highland Avenue	Walnut Street			25	Lowell Avenue northbound: Highland Avenue to Walnut Street, 25 mph	
Lowell Avenue	southbound	table	Walnut Street	Highland Avenue			25	Lowell Avenue southbound: Walnut Street to Highland Avenue, 25 mph	
Lowell Avenue	southbound	table	Highland Avenue	Commonwealth Avenue			30	Lowell Avenue southbound: Highland Avenue to Commonwealth Avenue, 30 mph	
Newtonville Avenue	eastbound	table	Walnut Street	Centre Street			25	Newtonville Avenue eastbound: Walnut Street to Centre Street, 25 mph	
Newtonville Avenue	westbound	table	Centre Street	Walnut Street			25	Newtonville Avenue westbound: Centre Street to Walnut Street, 25 mph	
River Street	northbound	table	Waltham Street	Mague Avenue			25	River Street northbound: Waltham Street to Mague Avenue, 25 mph	
River Street	northbound	table	Mague Avenue	Lexington Street			30	River Street northbound: Mague Avenue to Lexington Street, 30 mph	
River Street	southbound	table	Lexington Street	Mague Avenue			30	River Street southbound: Lexington Street to Mague Avenue, 30 mph	
River Street	southbound	table	Mague Avenue	Waltham Street			25	River Street southbound: Mague Avenue to Waltham Street, 25 mph	
Tremont Street	eastbound	table	Park Street	42.354348, -71.179588			25	Tremont Street eastbound: Park Street to 42.354348, -71.179588, 25 mph	
Tremont Street	eastbound	table	42.354348, -71.179588	Boston City Line			35	Tremont Street eastbound: 42.354348, -71.179588 to Boston City Line, 35 mph	
Tremont Street	westbound	table	Boston City Line	42.354398, -71.179542			35	Tremont Street westbound: Boston City Line to 42.354398, -71.179542, 35 mph	
Tremont Street	westbound	table	42.354398, -71.179542	Park Street			25	Tremont Street westbound: 42.354398, -71.179542 to Park Street, 25 mph	
Washington Street	eastbound	table	Wellesley Town Line	Quinobequin Road			25	Washington Street eastbound: Wellesley Town Line to Quinobequin Road, 25 mph	
Washington Street	eastbound	table	Belmore Park	42.330475, -71.248091			25	Washington Street eastbound: Belmore Park to 42.330475, -71.248091, 25 mph	
Washington Street	eastbound	table	42.330475, -71.248091	Prospect Street			35	Washington Street eastbound: 42.330475, -71.248091 to Prospect Street, 35 mph	
Washington Street	eastbound	table	Prospect Street	42.349180, -71.223669			25	Washington Street eastbound: Prospect Street to 42.349180, -71.223669, 25 mph	
Washington Street	eastbound	table	Walnut Park	42.355673, -71.179439			25	Washington Street eastbound: Walnut Park to 42.355673, -71.179439, 25 mph	
Washington Street	eastbound	table	42.355673, -71.179439	Boston City Line			35	Washington Street eastbound: 42.355673, -71.179439 to Boston City Line, 35 mph	
Washington Street	westbound	table	Boston City Line	Hunnewell Avenue			35	Washington Street westbound: Boston City Line to Hunnewell Avenue, 35 mph	
Washington Street	westbound	table	Hunnewell Avenue	Walnut Park			25	Washington Street westbound: Hunnewell Avenue to Walnut Park, 25 mph	
Washington Street	westbound	table	42.349243, -71.223712	Prospect Street			25	Washington Street westbound: 42.349243, -71.223712 to Prospect Street, 25 mph	
Washington Street	westbound	table	Prospect Street	42.330721, -71.248037			35	Washington Street westbound: Prospect Street to 42.330721, -71.248037, 35 mph	
Washington Street	westbound	table	42.330721, -71.248037	Belmore Park			25	Washington Street westbound: 42.330721, -71.248037 to Belmore Park, 25 mph	
Washington Street	westbound	table	Quinobequin Road	Wellesley Town Line			25	Washington Street westbound: Quinobequin Road to Wellesley Town Line, 25 mph	
Watertown Street	eastbound	table	Washington Street	Davis Avenue			25	Watertown Street eastbound: Washington Street to Davis Avenue, 25 mph	
Watertown Street	eastbound	table	Davis Avenue	Crafts Street			35	Watertown Street eastbound: Davis Avenue to Crafts Street, 35 mph	
Watertown Street	eastbound	table	Crafts Street	2.359229, -71.203450			30	Watertown Street eastbound: Crafts Street to 2.359229, -71.203450, 30 mph	source coordinate missing leading digit; likely 42.359229
Watertown Street	eastbound	table	2.359229, -71.203450	Watertown City Line			25	Watertown Street eastbound: 2.359229, -71.203450 to Watertown City Line, 25 mph	source coordinate missing leading digit; likely 42.359229
Watertown Street	westbound	table	Watertown City Line	42.359286, -71.203433			25	Watertown Street westbound: Watertown City Line to 42.359286, -71.203433, 25 mph	
Watertown Street	westbound	table	42.359286, -71.203433	Walnut Street			30	Watertown Street westbound: 42.359286, -71.203433 to Walnut Street, 30 mph	
Watertown Street	westbound	table	Walnut Street	Davis Avenue			35	Watertown Street westbound: Walnut Street to Davis Avenue, 35 mph	
Watertown Street	westbound	table	Davis Avenue	Washington Street			25	Watertown Street westbound: Davis Avenue to Washington Street, 25 mph	
Waverly Avenue	northbound	table	Gralynn Road	Church Street			30	Waverly Avenue northbound: Gralynn Road to Church Street, 30 mph	
Waverly Avenue	northbound	table	Church Street	Washington Street			25	Waverly Avenue northbound: Church Street to Washington Street, 25 mph	
Waverly Avenue	southbound	table	Washington Street	Church Street			25	Waverly Avenue southbound: Washington Street to Church Street, 25 mph	
Waverly Avenue	southbound	table	Church Street	Ward Street			30	Waverly Avenue southbound: Church Street to Ward Street, 30 mph	
Woodward Street	eastbound	table	Pine Ridge Road	Homestead Street			25	Woodward Street eastbound: Pine Ridge Road to Homestead Street, 25 mph	
Woodward Street	eastbound	table	Plymouth Road	State Route 9 (Boylston Street)			25	Woodward Street eastbound: Plymouth Road to State Route 9 (Boylston Street), 25 mph	
Woodward Street	westbound	table	State Route 9 (Boylston Street)	Plymouth Road			25	Woodward Street westbound: State Route 9 (Boylston Street) to Plymouth Road, 25 mph	
Woodward Street	westbound	table	Homestead Street	Beacon Street			25	Woodward Street westbound: Homestead Street to Beacon Street, 25 mph	
